order_id,customer_id,order_date,region,product_category,price,quantity,coupon_code,revenue
1,38,2024-10-07,West,Home,51.16,1,WELCOME10,51.16
2,236,2024-11-01,North,Clothing,24.75,3,,74.25
3,73,2024-11-04,South,Clothing,59.01,3,,177.03
4,256,2024-10-07,South,Home,362.88,2,,725.76
5,204,2024-07-14,East,Clothing,191.1,3,,573.3
6,134,2024-03-14,West,Books,169.26,3,,507.78
7,145,2024-06-23,North,Electronics,173.59,1,,173.59
8,130,2024-11-18,North,Clothing,60.17,4,,240.68
9,72,2024-01-13,West,Home,8.58,4,,34.32
10,238,2024-05-08,West,Clothing,16.63,1,WELCOME10,16.63
11,282,2024-04-07,South,Clothing,65.21,3,WELCOME10,195.63
12,179,2024-08-14,South,Clothing,192.66,1,,192.66
13,277,2024-05-19,West,Books,33.32,4,,133.28
14,255,2024-12-12,South,Clothing,38.39,3,SPRING20,115.17
15,253,2024-10-07,East,Clothing,44.69,2,WELCOME10,89.38
16,157,2024-08-31,North,Books,78.81,1,WELCOME10,78.81
17,51,2024-02-24,East,Clothing,27.25,2,SPRING20,54.5
18,69,2024-12-29,North,Clothing,95.99,1,,95.99
19,216,2024-09-09,East,Electronics,11.71,3,,35.13
20,242,2024-12-27,North,Clothing,18.09,2,,36.18
21,87,2024-06-24,South,Home,210.79,4,,843.16
22,142,2024-10-23,South,Home,38.85,2,,77.7
23,8,2024-08-18,South,Electronics,124.66,3,,373.98
24,23,2024-12-01,East,Electronics,26.08,4,,104.32
25,2,2024-03-30,East,Books,254.9,2,,509.8
26,210,2024-10-14,East,Electronics,12.68,4,,50.72
27,265,2024-11-08,North,Books,11.46,1,WELCOME10,11.46
28,217,2024-08-30,East,Home,132.19,3,WELCOME10,396.57
29,142,2024-02-03,South,Clothing,56.92,3,,170.76
30,116,2024-01-10,East,Home,6.77,1,,6.77
31,122,2024-11-19,South,Home,33.6,4,,134.4
32,31,2024-03-22,East,Home,29.2,1,,29.2
33,72,2024-03-20,North,Books,142.76,4,SPRING20,571.04
34,50,2024-06-24,East,Home,101.85,1,,101.85
35,4,2024-05-13,South,Books,48.1,4,WELCOME10,192.4
36,281,2024-07-06,North,Clothing,160.48,2,,320.96
37,44,2024-10-07,West,Books,51.91,1,,51.91
38,77,2024-11-10,South,Books,9.57,1,,9.57
39,27,2024-08-26,South,Electronics,162.12,4,SPRING20,648.48
40,110,2024-03-20,North,Home,6.55,1,,6.55
41,298,2024-07-05,East,Electronics,45.45,4,,181.8
42,16,2024-11-03,South,Clothing,106.01,1,SPRING20,106.01
43,65,2024-03-04,South,Clothing,47.69,4,,190.76
44,197,2024-03-24,West,Electronics,187.71,1,WELCOME10,187.71
45,26,2024-08-04,West,Books,115.82,2,,231.64
46,227,2024-07-29,East,Books,71.47,4,WELCOME10,285.88
47,283,2024-04-30,West,Home,131.27,3,,393.81000000000006
48,154,2024-11-07,North,Clothing,20.54,3,WELCOME10,61.62
49,105,2024-07-25,West,Books,12.82,4,WELCOME10,51.28
50,23,2024-04-26,South,Home,195.32,3,SPRING20,585.96
51,266,2024-01-28,North,Electronics,89.12,4,,356.48
52,196,2024-10-06,West,Books,248.82,2,,497.64
53,127,2024-03-10,North,Books,45.2,4,,180.8
54,280,2024-10-06,South,Electronics,15.08,3,,45.24
55,156,2024-10-22,West,Electronics,99.06,4,,396.24
56,84,2024-03-07,North,Electronics,9.96,1,,9.96
57,167,2024-11-29,East,Clothing,41.63,3,,124.89000000000001
58,137,2024-04-16,South,Books,51.53,1,SPRING20,51.53
59,289,2024-06-03,South,Clothing,64.57,4,,258.28
60,267,2024-10-07,East,Books,108.51,4,WELCOME10,434.04
61,280,2024-05-07,South,Clothing,62.64,1,,62.64
62,144,2024-03-28,West,Home,120.26,3,,360.78000000000003
63,240,2024-09-14,West,Books,106.68,1,SPRING20,106.68
64,88,2024-06-22,North,Home,78.11,2,,156.22
65,282,2024-08-27,North,Electronics,234.31,1,,234.31
66,244,2024-01-18,South,Electronics,12.24,3,,36.72
67,75,2024-07-03,East,Clothing,27.99,2,WELCOME10,55.98
68,191,2024-10-16,South,Home,34.13,3,WELCOME10,102.39000000000001
69,217,2024-11-27,North,Books,233.4,1,,233.4
70,152,2024-01-03,North,Books,82.17,4,,328.68
71,184,2024-12-18,North,Clothing,77.33,2,,154.66
72,260,2024-12-12,West,Electronics,21.43,4,,85.72
73,254,2024-03-24,South,Home,7.54,2,,15.08
74,263,2024-02-25,South,Home,25.87,3,,77.61
75,53,2024-01-08,West,Home,96.91,3,,290.73
76,3,2024-08-15,South,Home,58.93,4,,235.72
77,77,2024-06-08,East,Electronics,67.89,3,,203.67000000000002
78,150,2024-12-01,East,Books,96.54,2,,193.08
79,204,2024-12-09,West,Home,420.92,2,,841.84
80,264,2024-07-17,North,Home,38.58,2,,77.16
81,78,2024-11-21,North,Books,26.82,3,,80.46000000000001
82,201,2024-11-07,South,Home,57.18,2,,114.36
83,76,2024-04-02,East,Home,282.31,4,,1129.24
84,44,2024-12-20,North,Clothing,207.57,1,,207.57
85,21,2024-08-03,West,Books,19.03,4,,76.12
86,31,2024-08-01,West,Electronics,154.9,2,,309.8
87,37,2024-03-15,East,Electronics,50.4,2,,100.8
88,264,2024-04-27,East,Home,52.21,4,,208.84
89,58,2024-05-22,South,Home,80.14,3,WELCOME10,240.42000000000002
90,241,2024-02-26,North,Home,27.51,2,WELCOME10,55.02
91,211,2024-08-03,West,Electronics,67.55,4,,270.2
92,97,2024-01-02,East,Home,172.15,4,WELCOME10,688.6
93,270,2024-07-22,West,Electronics,61.94,1,,61.94
94,11,2024-11-28,South,Electronics,71.48,1,,71.48
95,280,2024-08-27,East,Home,127.85,1,WELCOME10,127.85
96,153,2024-05-26,West,Electronics,87.38,1,WELCOME10,87.38
97,203,2024-03-03,South,Electronics,94.97,4,,379.88
98,149,2024-11-17,West,Books,10.75,3,SPRING20,32.25
99,141,2024-11-04,West,Clothing,182.95,4,,731.8
100,194,2024-10-11,North,Home,40.9,2,,81.8
101,95,2024-03-28,East,Books,116.28,2,WELCOME10,232.56
102,61,2024-10-21,North,Books,49.48,1,,49.48
103,153,2024-05-28,West,Books,15.29,3,,45.87
104,131,2024-04-07,West,Books,133.37,1,,133.37
105,221,2024-06-28,North,Books,12.32,1,,12.32
106,104,2024-04-20,South,Clothing,276.75,3,,830.25
107,267,2024-02-29,West,Clothing,144.57,3,,433.71
108,183,2024-12-16,West,Home,298.87,2,,597.74
109,199,2024-01-15,South,Books,117.94,4,,471.76
110,195,2024-11-04,North,Books,63.74,3,,191.22
111,177,2024-02-14,South,Home,96.04,4,,384.16
112,55,2024-01-17,North,Clothing,151.64,3,,454.91999999999996
113,16,2024-07-11,South,Electronics,60.13,3,WELCOME10,180.39000000000001
114,171,2024-04-19,West,Electronics,45.49,1,,45.49
115,21,2024-09-08,East,Clothing,80.64,2,,161.28
116,119,2024-01-11,East,Books,17.53,4,,70.12
117,279,2024-02-15,West,Home,55.58,4,,222.32
118,115,2024-08-04,West,Clothing,10.55,1,,10.55
119,98,2024-03-19,South,Clothing,40.59,3,SPRING20,121.77000000000001
120,182,2024-04-13,East,Electronics,26.96,2,WELCOME10,53.92
121,11,2024-12-21,North,Home,21.04,3,SPRING20,63.12
122,97,2024-11-11,West,Books,176.42,3,,529.26
123,184,2024-12-19,North,Home,35.06,3,,105.18
124,57,2024-06-19,West,Books,25.52,1,,25.52
125,218,2024-07-11,South,Books,228.14,4,SPRING20,912.56
126,232,2024-09-18,West,Clothing,14.56,4,,58.24
127,97,2024-03-31,East,Books,159.93,4,SPRING20,639.72
128,26,2024-11-28,West,Books,216.28,2,,432.56
129,142,2024-02-25,North,Electronics,69.97,2,,139.94
130,213,2024-10-25,West,Books,23.09,3,WELCOME10,69.27
131,117,2024-10-03,South,Books,18.92,3,SPRING20,56.760000000000005
132,135,2024-08-26,South,Books,43.77,1,WELCOME10,43.77
133,206,2024-03-29,North,Books,301.4,4,,1205.6
134,185,2024-10-01,South,Electronics,60.93,3,SPRING20,182.79
135,25,2024-04-02,East,Clothing,76.61,1,,76.61
136,138,2024-07-30,East,Clothing,61.89,1,,61.89
137,200,2024-05-23,South,Electronics,30.49,3,WELCOME10,91.47
138,249,2024-01-18,South,Books,90.22,1,WELCOME10,90.22
139,22,2024-07-08,East,Electronics,63.04,3,SPRING20,189.12
140,297,2024-05-15,North,Clothing,82.53,1,,82.53
141,78,2024-02-25,South,Electronics,26.18,3,,78.53999999999999
142,220,2024-05-10,East,Clothing,76.66,2,,153.32
143,178,2024-05-12,West,Home,38.87,1,SPRING20,38.87
144,46,2024-01-17,North,Books,16.03,1,,16.03
145,145,2024-03-09,East,Electronics,33.78,2,,67.56
146,235,2024-10-13,South,Clothing,115.0,4,,460.0
147,46,2024-02-22,North,Books,14.8,4,,59.2
148,64,2024-12-20,South,Books,17.05,3,,51.150000000000006
149,36,2024-07-06,North,Electronics,37.5,1,,37.5
150,34,2024-08-30,South,Books,24.18,3,WELCOME10,72.53999999999999
151,131,2024-08-16,West,Books,133.46,1,,133.46
152,84,2024-02-01,East,Books,43.88,3,,131.64000000000001
153,49,2024-12-30,North,Electronics,122.04,3,,366.12
154,289,2024-06-09,North,Home,82.09,4,,328.36
155,254,2024-11-02,West,Home,59.16,2,,118.32
156,157,2024-11-03,North,Clothing,11.79,4,,47.16
157,56,2024-01-06,North,Home,325.22,4,WELCOME10,1300.88
158,211,2024-10-16,East,Books,27.3,4,,109.2
159,288,2024-05-08,East,Books,322.13,3,WELCOME10,966.39
160,29,2024-09-22,North,Books,6.97,4,,27.88
161,223,2024-02-01,South,Electronics,22.67,4,,90.68
162,137,2024-12-10,East,Electronics,275.28,2,,550.56
163,110,2024-02-08,East,Books,101.19,3,,303.57
164,100,2024-05-19,West,Books,26.91,3,,80.73
165,33,2024-10-27,North,Electronics,31.74,3,,95.22
166,9,2024-06-20,North,Home,114.39,2,SPRING20,228.78
167,85,2024-09-20,West,Home,29.14,4,,116.56
168,51,2024-04-22,North,Home,84.74,1,,84.74
169,80,2024-04-06,West,Home,26.34,4,,105.36
170,170,2024-12-15,East,Home,313.51,3,WELCOME10,940.53
171,109,2024-12-26,South,Home,14.97,1,,14.97
172,212,2024-06-01,West,Home,60.03,1,WELCOME10,60.03
173,25,2024-10-26,West,Clothing,199.4,1,,199.4
174,114,2024-06-28,West,Electronics,28.95,3,,86.85
175,277,2024-09-23,West,Books,100.78,3,,302.34000000000003
176,45,2024-04-04,North,Clothing,96.83,4,,387.32
177,272,2024-02-19,South,Books,226.87,3,,680.61
178,159,2024-10-01,West,Clothing,45.09,4,,180.36
179,276,2024-05-04,South,Electronics,30.46,2,WELCOME10,60.92
180,252,2024-05-18,West,Clothing,28.27,2,,56.54
181,155,2024-03-02,North,Books,37.63,3,,112.89000000000001
182,236,2024-05-15,South,Electronics,134.75,2,,269.5
183,87,2024-07-26,South,Electronics,84.2,2,,168.4
184,228,2024-05-08,East,Electronics,45.68,3,SPRING20,137.04
185,54,2024-09-16,West,Home,22.96,2,,45.92
186,244,2024-02-21,North,Books,89.55,3,,268.65
187,291,2024-07-14,South,Home,9.71,2,,19.42
188,101,2024-03-22,South,Clothing,68.37,2,,136.74
189,229,2024-11-11,West,Home,37.04,1,,37.04
190,289,2024-11-18,North,Clothing,78.46,4,WELCOME10,313.84
191,281,2024-11-13,West,Home,84.18,1,SPRING20,84.18
192,212,2024-01-20,South,Home,185.52,2,,371.04
193,230,2024-06-21,East,Books,187.72,1,WELCOME10,187.72
194,95,2024-12-09,North,Books,85.04,2,,170.08
195,167,2024-03-02,East,Clothing,87.48,3,WELCOME10,262.44
196,176,2024-01-22,North,Clothing,172.0,2,,344.0
197,232,2024-11-15,East,Electronics,136.85,3,,410.54999999999995
198,80,2024-04-04,North,Home,72.08,2,,144.16
199,64,2024-05-09,East,Books,123.23,4,,492.92
200,88,2024-12-06,East,Home,54.05,4,SPRING20,216.2
201,299,2024-08-22,West,Books,32.65,1,WELCOME10,32.65
202,203,2024-07-07,South,Electronics,105.47,3,,316.40999999999997
203,195,2024-07-23,South,Electronics,44.86,3,,134.57999999999998
204,217,2024-01-23,West,Home,16.54,4,,66.16
205,227,2024-05-22,North,Home,118.95,1,,118.95
206,159,2024-06-23,West,Clothing,100.28,1,,100.28
207,146,2024-08-24,South,Clothing,52.23,3,,156.69
208,189,2024-04-14,West,Electronics,9.69,2,WELCOME10,19.38
209,207,2024-10-15,West,Electronics,208.72,4,,834.88
210,146,2024-07-27,East,Electronics,94.3,4,,377.2
211,168,2024-07-17,East,Clothing,24.19,1,,24.19
212,164,2024-11-06,West,Electronics,59.79,3,,179.37
213,157,2024-06-01,South,Home,5.28,4,,21.12
214,151,2024-08-05,East,Home,169.38,2,,338.76
215,295,2024-06-12,East,Electronics,100.54,1,,100.54
216,170,2024-02-27,West,Clothing,11.13,4,,44.52
217,206,2024-06-08,West,Clothing,99.09,2,,198.18
218,154,2024-09-07,North,Books,328.8,4,,1315.2
219,231,2024-10-22,West,Books,17.23,4,WELCOME10,68.92
220,241,2024-09-27,North,Clothing,12.93,2,,25.86
221,49,2024-04-20,South,Books,221.72,1,,221.72
222,179,2024-09-26,North,Books,98.21,4,,392.84
223,106,2024-01-20,South,Clothing,153.71,2,,307.42
224,183,2024-05-23,South,Books,162.41,2,WELCOME10,324.82
225,257,2024-12-19,South,Home,197.68,3,,593.04
226,273,2024-06-18,West,Home,318.77,3,,956.31
227,276,2024-06-12,South,Books,118.54,2,,237.08
228,266,2024-01-26,West,Books,73.28,3,,219.84
229,113,2024-06-28,South,Books,71.27,3,,213.81
230,221,2024-02-04,North,Home,41.91,2,,83.82
231,52,2024-05-30,South,Electronics,40.65,3,,121.94999999999999
232,139,2024-10-16,South,Electronics,209.4,2,,418.8
233,124,2024-04-29,South,Clothing,63.35,2,,126.7
234,271,2024-12-21,North,Home,63.88,1,,63.88
235,192,2024-11-13,West,Books,59.04,1,,59.04
236,22,2024-05-15,East,Clothing,56.18,2,,112.36
237,175,2024-06-09,West,Electronics,226.44,1,WELCOME10,226.44
238,132,2024-05-11,West,Clothing,36.09,2,WELCOME10,72.18
239,209,2024-11-19,North,Clothing,256.57,1,,256.57
240,55,2024-12-18,West,Books,13.58,2,,27.16
241,72,2024-06-23,North,Electronics,195.4,2,,390.8
242,15,2024-08-05,North,Electronics,14.69,3,WELCOME10,44.07
243,206,2024-04-02,East,Books,6.31,2,,12.62
244,144,2024-09-12,North,Books,70.06,2,,140.12
245,213,2024-04-09,East,Books,131.91,3,,395.73
246,115,2024-12-22,South,Clothing,32.85,4,,131.4
247,239,2024-12-06,North,Books,17.24,1,,17.24
248,45,2024-02-28,East,Home,38.86,4,,155.44
249,38,2024-03-05,North,Home,319.6,4,,1278.4
250,151,2024-02-10,West,Books,84.83,3,,254.49
251,13,2024-11-30,East,Electronics,28.75,2,,57.5
252,216,2024-03-19,North,Electronics,147.76,2,,295.52
253,126,2024-12-26,East,Home,209.03,1,WELCOME10,209.03
254,44,2024-03-03,West,Clothing,41.14,2,,82.28
255,295,2024-10-30,South,Clothing,39.64,1,WELCOME10,39.64
256,92,2024-10-10,West,Electronics,92.03,4,,368.12
257,113,2024-06-19,East,Books,130.48,2,,260.96
258,254,2024-01-15,South,Home,33.53,2,,67.06
259,227,2024-12-15,South,Home,26.83,4,,107.32
260,172,2024-09-23,West,Home,122.68,2,,245.36
261,185,2024-06-12,South,Home,16.38,1,,16.38
262,74,2024-08-09,North,Clothing,24.73,4,WELCOME10,98.92
263,90,2024-12-01,East,Home,55.27,4,SPRING20,221.08
264,28,2024-08-05,West,Home,59.16,2,WELCOME10,118.32
265,44,2024-01-06,West,Clothing,126.7,1,,126.7
266,2,2024-08-21,East,Clothing,52.74,1,,52.74
267,128,2024-04-10,South,Books,20.15,4,,80.6
268,95,2024-08-02,North,Home,57.51,3,,172.53
269,31,2024-06-06,South,Electronics,18.16,4,WELCOME10,72.64
270,65,2024-11-24,South,Electronics,18.22,2,WELCOME10,36.44
271,151,2024-01-30,East,Books,46.05,1,,46.05
272,99,2024-02-08,West,Clothing,22.57,4,,90.28
273,132,2024-12-24,North,Electronics,69.54,1,,69.54
274,71,2024-03-19,North,Books,24.33,1,,24.33
275,141,2024-11-06,East,Clothing,45.84,3,,137.52
276,296,2024-10-25,West,Electronics,43.05,1,,43.05
277,231,2024-08-16,West,Electronics,20.17,4,WELCOME10,80.68
278,84,2024-11-16,East,Home,51.44,1,,51.44
279,240,2024-03-09,South,Books,77.3,4,,309.2
280,177,2024-02-14,East,Electronics,40.24,1,,40.24
281,270,2024-04-11,South,Books,97.45,2,WELCOME10,194.9
282,165,2024-12-06,West,Books,187.3,4,,749.2
283,280,2024-03-14,North,Home,71.05,4,,284.2
284,123,2024-03-21,East,Electronics,78.0,2,,156.0
285,250,2024-02-05,South,Books,101.64,3,,304.92
286,54,2024-08-18,South,Home,215.74,2,,431.48
287,170,2024-05-23,East,Clothing,7.35,3,,22.049999999999997
288,247,2024-02-09,North,Clothing,66.45,2,,132.9
289,222,2024-05-10,North,Clothing,5.49,2,,10.98
290,245,2024-04-23,West,Books,23.51,1,,23.51
291,205,2024-12-19,North,Home,112.84,1,SPRING20,112.84
292,106,2024-12-01,South,Electronics,229.75,4,WELCOME10,919.0
293,37,2024-01-16,West,Electronics,10.33,1,,10.33
294,113,2024-05-23,North,Books,44.2,1,,44.2
295,145,2024-03-07,North,Home,123.72,1,,123.72
296,159,2024-05-01,North,Books,451.22,2,,902.44
297,116,2024-10-01,East,Books,51.4,2,,102.8
298,107,2024-08-18,North,Electronics,113.4,1,,113.4
299,213,2024-11-26,West,Clothing,42.57,1,,42.57
300,292,2024-05-26,North,Clothing,36.98,1,,36.98
301,259,2024-06-02,North,Clothing,19.42,4,,77.68
302,214,2024-11-01,West,Home,35.62,2,,71.24
303,94,2024-10-20,South,Books,36.43,2,,72.86
304,165,2024-01-21,West,Home,42.06,2,,84.12
305,110,2024-10-23,South,Clothing,211.46,1,,211.46
306,284,2024-11-04,East,Clothing,195.06,2,WELCOME10,390.12
307,29,2024-08-26,East,Clothing,53.6,1,WELCOME10,53.6
308,131,2024-01-19,West,Books,29.74,3,WELCOME10,89.22
309,228,2024-12-01,North,Home,108.76,2,,217.52
310,293,2024-06-28,North,Electronics,21.44,4,,85.76
311,229,2024-10-20,North,Books,64.07,1,WELCOME10,64.07
312,169,2024-01-31,North,Clothing,33.9,2,,67.8
313,19,2024-10-23,North,Clothing,5.38,2,,10.76
314,226,2024-07-20,East,Electronics,100.0,4,SPRING20,400.0
315,47,2024-11-20,North,Clothing,26.17,2,,52.34
316,218,2024-09-11,South,Electronics,20.67,2,,41.34
317,113,2024-12-02,North,Clothing,33.52,1,,33.52
318,3,2024-11-15,West,Clothing,153.53,2,WELCOME10,307.06
319,99,2024-04-25,South,Books,53.51,4,,214.04
320,285,2024-08-07,West,Electronics,46.98,1,,46.98
321,207,2024-10-03,East,Home,15.71,1,,15.71
322,204,2024-12-27,South,Clothing,27.5,3,,82.5
323,171,2024-09-19,South,Electronics,40.35,3,,121.05000000000001
324,283,2024-01-25,North,Electronics,175.4,4,SPRING20,701.6
325,233,2024-01-01,South,Clothing,441.2,3,,1323.6
326,59,2024-06-25,East,Clothing,9.83,3,WELCOME10,29.490000000000002
327,38,2024-09-02,North,Electronics,16.19,2,,32.38
328,238,2024-01-22,West,Clothing,244.27,3,,732.8100000000001
329,235,2024-01-01,North,Home,51.39,4,,205.56
330,268,2024-03-17,South,Books,141.52,4,,566.08
331,7,2024-12-03,South,Books,249.44,3,,748.3199999999999
332,97,2024-03-24,East,Electronics,111.77,4,WELCOME10,447.08
333,143,2024-10-13,East,Home,78.75,4,,315.0
334,101,2024-12-09,East,Books,142.82,3,,428.46
335,204,2024-10-16,East,Clothing,7.83,4,,31.32
336,192,2024-07-29,East,Electronics,154.4,4,SPRING20,617.6
337,33,2024-01-23,West,Books,84.22,4,WELCOME10,336.88
338,111,2024-05-11,West,Home,31.61,3,,94.83
339,178,2024-02-04,North,Books,26.7,4,,106.8
340,129,2024-02-19,South,Home,144.64,1,,144.64
341,151,2024-03-29,North,Clothing,8.48,1,SPRING20,8.48
342,98,2024-07-17,East,Books,333.76,3,,1001.28
343,165,2024-06-14,South,Clothing,42.74,2,WELCOME10,85.48
344,284,2024-05-20,East,Clothing,194.0,2,,388.0
345,157,2024-10-20,East,Electronics,78.75,3,,236.25
346,53,2024-12-01,North,Clothing,199.62,2,,399.24
347,103,2024-01-07,South,Home,19.37,1,,19.37
348,223,2024-04-02,South,Electronics,93.07,1,,93.07
349,8,2024-09-16,South,Home,73.7,4,,294.8
350,273,2024-09-09,South,Electronics,20.39,1,SPRING20,20.39
351,232,2024-10-15,North,Home,8.85,3,WELCOME10,26.549999999999997
352,158,2024-12-07,West,Electronics,57.12,4,WELCOME10,228.48
353,271,2024-06-21,South,Home,149.34,2,,298.68
354,31,2024-06-06,South,Home,14.16,1,WELCOME10,14.16
355,137,2024-10-29,North,Home,21.52,1,,21.52
356,169,2024-11-18,West,Home,343.9,1,WELCOME10,343.9
357,159,2024-01-29,East,Clothing,74.97,3,WELCOME10,224.91
358,221,2024-03-25,West,Electronics,9.1,2,,18.2
359,193,2024-10-26,South,Books,248.9,1,WELCOME10,248.9
360,232,2024-08-10,East,Home,9.28,2,,18.56
361,141,2024-04-03,West,Books,112.84,2,WELCOME10,225.68
362,146,2024-10-03,West,Electronics,476.43,4,,1905.72
363,251,2024-06-08,South,Home,38.44,1,,38.44
364,11,2024-10-08,East,Clothing,270.05,4,,1080.2
365,29,2024-08-21,South,Clothing,36.04,4,,144.16
366,134,2024-11-15,South,Books,154.56,4,SPRING20,618.24
367,43,2024-02-29,South,Home,34.79,2,WELCOME10,69.58
368,87,2024-08-26,South,Clothing,62.12,1,,62.12
369,79,2024-09-05,North,Books,40.44,2,WELCOME10,80.88
370,210,2024-01-18,East,Books,243.01,4,WELCOME10,972.04
371,201,2024-05-30,East,Electronics,14.88,1,,14.88
372,276,2024-09-26,South,Clothing,17.7,3,,53.099999999999994
373,154,2024-01-31,East,Books,94.51,3,,283.53000000000003
374,273,2024-11-02,North,Home,30.62,4,,122.48
375,261,2024-12-22,West,Electronics,108.64,3,,325.92
376,156,2024-05-29,West,Clothing,14.43,1,,14.43
377,132,2024-03-12,West,Clothing,185.65,1,SPRING20,185.65
378,187,2024-01-04,East,Clothing,106.62,3,,319.86
379,13,2024-05-31,East,Home,9.71,4,,38.84
380,131,2024-09-25,North,Books,12.88,3,SPRING20,38.64
381,159,2024-07-24,North,Electronics,13.6,2,SPRING20,27.2
382,134,2024-09-03,West,Home,66.39,4,SPRING20,265.56
383,145,2024-01-08,East,Clothing,129.62,3,SPRING20,388.86
384,97,2024-11-04,South,Books,22.03,2,,44.06
385,237,2024-01-31,West,Electronics,37.25,4,,149.0
386,288,2024-09-21,South,Electronics,135.43,1,WELCOME10,135.43
387,236,2024-04-13,North,Home,113.46,3,SPRING20,340.38
388,100,2024-12-18,North,Clothing,46.12,3,WELCOME10,138.35999999999999
389,281,2024-03-25,West,Home,120.84,3,SPRING20,362.52
390,22,2024-03-14,North,Clothing,150.41,4,,601.64
391,34,2024-06-16,North,Books,37.55,4,,150.2
392,5,2024-11-08,East,Books,13.3,4,,53.2
393,40,2024-07-07,South,Home,21.41,3,,64.23
394,125,2024-04-28,West,Clothing,29.81,1,,29.81
395,68,2024-10-08,East,Electronics,35.87,4,,143.48
396,163,2024-03-06,North,Books,17.9,4,,71.6
397,163,2024-04-26,North,Books,8.57,3,,25.71
398,43,2024-04-17,North,Home,141.4,1,,141.4
399,211,2024-04-13,West,Books,119.3,2,,238.6
400,39,2024-05-26,South,Home,89.3,2,,178.6
401,177,2024-12-08,East,Electronics,11.62,3,SPRING20,34.86
402,123,2024-05-09,West,Home,29.42,2,,58.84
403,210,2024-06-11,South,Home,120.32,2,SPRING20,240.64
404,262,2024-05-25,South,Books,143.86,4,WELCOME10,575.44
405,231,2024-09-24,West,Electronics,27.4,4,,109.6
406,220,2024-02-23,West,Home,8.3,2,WELCOME10,16.6
407,297,2024-11-11,North,Home,166.27,3,WELCOME10,498.81000000000006
408,198,2024-07-29,West,Clothing,26.63,4,SPRING20,106.52
409,6,2024-01-12,South,Clothing,43.29,4,WELCOME10,173.16
410,8,2024-12-29,West,Books,76.49,2,,152.98
411,294,2024-12-05,South,Clothing,9.69,3,,29.07
412,34,2024-01-01,South,Books,77.7,2,WELCOME10,155.4
413,28,2024-08-09,West,Electronics,121.26,2,WELCOME10,242.52
414,180,2024-12-07,West,Home,9.28,4,,37.12
415,78,2024-04-01,West,Books,77.86,2,WELCOME10,155.72
416,31,2024-09-11,North,Home,115.63,1,,115.63
417,175,2024-03-25,North,Electronics,6.66,3,WELCOME10,19.98
418,10,2024-08-15,West,Clothing,48.94,2,,97.88
419,260,2024-05-13,West,Electronics,28.63,2,,57.26
420,228,2024-05-19,West,Home,38.78,3,,116.34
421,81,2024-03-10,North,Home,49.39,3,,148.17000000000002
422,285,2024-09-22,West,Home,75.64,3,WELCOME10,226.92000000000002
423,166,2024-06-23,East,Electronics,194.92,2,,389.84
424,53,2024-11-26,North,Electronics,102.15,2,WELCOME10,204.3
425,64,2024-08-09,North,Clothing,140.74,1,WELCOME10,140.74
426,124,2024-06-09,South,Books,172.55,2,WELCOME10,345.1
427,222,2024-02-12,East,Clothing,101.92,3,,305.76
428,147,2024-11-15,North,Home,90.94,3,,272.82
429,158,2024-05-31,South,Clothing,40.04,2,WELCOME10,80.08
430,40,2024-03-04,North,Clothing,33.67,4,,134.68
431,285,2024-03-04,South,Books,19.86,4,,79.44
432,55,2024-06-08,East,Clothing,160.48,4,,641.92
433,30,2024-10-01,South,Home,124.5,2,,249.0
434,184,2024-06-17,South,Electronics,11.13,2,,22.26
435,146,2024-09-18,East,Clothing,57.72,3,,173.16
436,72,2024-04-22,West,Home,196.26,3,WELCOME10,588.78
437,92,2024-04-14,South,Clothing,107.14,4,,428.56
438,185,2024-12-04,West,Electronics,21.18,3,WELCOME10,63.54
439,52,2024-06-17,South,Electronics,42.4,3,SPRING20,127.19999999999999
440,205,2024-06-02,West,Home,125.0,4,,500.0
441,63,2024-07-15,North,Electronics,15.2,4,,60.8
442,103,2024-03-23,South,Electronics,20.69,2,,41.38
443,180,2024-08-02,North,Books,33.46,3,WELCOME10,100.38
444,97,2024-02-16,East,Books,105.17,3,,315.51
445,31,2024-01-14,South,Electronics,106.05,4,WELCOME10,424.2
446,151,2024-01-22,North,Clothing,179.58,3,,538.74
447,262,2024-03-21,South,Clothing,13.17,4,,52.68
448,96,2024-09-03,North,Electronics,66.5,3,,199.5
449,205,2024-04-04,West,Home,14.49,1,SPRING20,14.49
450,117,2024-04-22,North,Books,108.75,2,,217.5
451,23,2024-11-01,West,Home,100.4,1,,100.4
452,222,2024-02-21,East,Electronics,28.38,3,SPRING20,85.14
453,286,2024-05-22,North,Electronics,64.3,4,SPRING20,257.2
454,19,2024-06-07,North,Books,145.61,1,SPRING20,145.61
455,53,2024-01-11,South,Books,113.56,3,WELCOME10,340.68
456,123,2024-09-17,North,Books,46.1,1,WELCOME10,46.1
457,32,2024-07-01,South,Books,185.99,1,,185.99
458,227,2024-11-11,South,Electronics,29.75,4,,119.0
459,222,2024-04-08,West,Clothing,50.14,3,SPRING20,150.42000000000002
460,174,2024-10-24,North,Electronics,36.72,4,,146.88
461,236,2024-02-05,East,Books,92.78,1,,92.78
462,272,2024-04-24,West,Home,576.59,4,SPRING20,2306.36
463,200,2024-07-03,East,Electronics,191.95,3,,575.8499999999999
464,177,2024-05-21,South,Electronics,25.79,2,SPRING20,51.58
465,212,2024-09-07,South,Clothing,218.92,1,,218.92
466,284,2024-09-24,North,Clothing,261.85,1,WELCOME10,261.85
467,148,2024-11-18,East,Books,73.83,3,,221.49
468,80,2024-05-29,East,Electronics,122.98,3,,368.94
469,215,2024-03-22,East,Clothing,255.38,4,,1021.52
470,12,2024-05-02,West,Clothing,24.18,3,WELCOME10,72.53999999999999
471,230,2024-04-04,West,Home,34.26,3,,102.78
472,94,2024-07-08,West,Electronics,130.09,4,,520.36
473,272,2024-03-26,South,Books,106.28,2,,212.56
474,180,2024-08-31,West,Electronics,9.04,1,SPRING20,9.04
475,46,2024-03-01,West,Books,50.29,1,SPRING20,50.29
476,151,2024-08-15,South,Books,167.74,3,WELCOME10,503.22
477,110,2024-08-31,North,Clothing,146.64,1,WELCOME10,146.64
478,104,2024-12-20,East,Home,216.39,4,,865.56
479,169,2024-12-13,West,Electronics,148.68,1,SPRING20,148.68
480,173,2024-07-21,North,Electronics,180.63,2,,361.26
481,274,2024-05-16,East,Clothing,158.62,4,,634.48
482,89,2024-07-22,West,Electronics,21.66,2,WELCOME10,43.32
483,231,2024-07-28,South,Books,65.51,3,,196.53000000000003
484,241,2024-06-04,South,Books,47.99,1,WELCOME10,47.99
485,83,2024-06-13,West,Electronics,85.2,4,,340.8
486,15,2024-04-02,East,Electronics,52.35,2,SPRING20,104.7
487,165,2024-03-25,South,Electronics,39.86,4,,159.44
488,27,2024-10-26,South,Home,55.8,2,,111.6
489,23,2024-08-15,South,Clothing,143.55,4,SPRING20,574.2
490,291,2024-09-21,East,Home,71.16,2,,142.32
491,22,2024-07-02,East,Books,195.74,4,,782.96
492,197,2024-05-25,South,Clothing,19.63,2,,39.26
493,177,2024-04-20,South,Home,121.13,2,SPRING20,242.26
494,119,2024-03-01,South,Clothing,29.41,1,WELCOME10,29.41
495,147,2024-06-09,West,Books,44.15,2,WELCOME10,88.3
496,140,2024-12-20,North,Home,20.7,4,,82.8
497,140,2024-12-05,North,Books,166.95,1,,166.95
498,69,2024-06-04,North,Books,154.08,3,WELCOME10,462.24
499,174,2024-02-20,East,Home,17.58,2,,35.16
500,193,2024-12-02,West,Electronics,50.09,3,,150.27
501,90,2024-08-07,East,Clothing,155.58,2,,311.16
502,41,2024-10-09,West,Books,18.19,4,,72.76
503,264,2024-02-07,South,Home,57.96,3,,173.88
504,264,2024-07-03,North,Home,54.92,3,,164.76
505,247,2024-06-17,West,Clothing,53.14,3,,159.42000000000002
506,290,2024-06-15,North,Electronics,193.69,4,,774.76
507,59,2024-05-27,East,Electronics,153.22,2,WELCOME10,306.44
508,264,2024-10-27,East,Clothing,19.74,4,,78.96
509,163,2024-05-28,South,Electronics,63.68,3,,191.04
510,133,2024-03-04,West,Electronics,96.37,1,,96.37
511,119,2024-05-29,South,Books,210.96,1,,210.96
512,179,2024-11-17,South,Books,185.51,1,,185.51
513,77,2024-08-08,South,Clothing,46.67,2,,93.34
514,255,2024-05-26,West,Home,32.73,4,,130.92
515,115,2024-03-09,South,Clothing,70.29,3,,210.87
516,93,2024-05-05,South,Electronics,37.52,1,WELCOME10,37.52
517,221,2024-11-30,South,Electronics,117.79,3,,353.37
518,240,2024-02-29,South,Books,89.16,1,,89.16
519,154,2024-07-03,South,Home,22.07,3,,66.21000000000001
520,248,2024-10-27,North,Books,34.35,3,,103.05000000000001
521,2,2024-10-22,South,Books,64.79,1,WELCOME10,64.79
522,270,2024-09-11,South,Clothing,137.39,1,,137.39
523,117,2024-08-26,North,Electronics,10.34,1,SPRING20,10.34
524,39,2024-03-02,North,Clothing,9.64,3,,28.92
525,214,2024-10-15,East,Electronics,9.33,2,WELCOME10,18.66
526,167,2024-11-19,West,Clothing,38.81,4,,155.24
527,162,2024-11-05,South,Clothing,25.41,1,WELCOME10,25.41
528,258,2024-07-09,South,Clothing,25.6,3,,76.80000000000001
529,246,2024-11-27,West,Home,51.16,3,SPRING20,153.48
530,114,2024-05-16,West,Home,102.08,4,,408.32
531,115,2024-10-17,South,Home,52.02,3,,156.06
532,295,2024-02-03,North,Home,11.26,4,,45.04
533,29,2024-08-08,West,Home,13.53,1,,13.53
534,204,2024-01-26,West,Electronics,43.93,3,,131.79
535,115,2024-03-08,South,Home,58.04,3,WELCOME10,174.12
536,32,2024-01-02,East,Books,76.73,2,,153.46
537,180,2024-08-27,East,Home,107.34,4,,429.36
538,67,2024-12-11,North,Books,15.11,2,,30.22
539,262,2024-10-10,North,Clothing,17.02,1,,17.02
540,1,2024-05-01,North,Home,48.76,1,WELCOME10,48.76
541,281,2024-09-09,North,Electronics,116.08,3,,348.24
542,145,2024-11-29,North,Home,59.14,1,,59.14
543,225,2024-09-23,West,Home,158.05,3,,474.15000000000003
544,298,2024-05-24,North,Books,6.95,1,SPRING20,6.95
545,153,2024-03-20,East,Home,12.58,2,WELCOME10,25.16
546,278,2024-11-28,West,Home,17.16,1,,17.16
547,47,2024-08-13,East,Clothing,277.53,4,SPRING20,1110.12
548,292,2024-05-08,North,Clothing,70.85,4,,283.4
549,69,2024-06-07,West,Home,39.63,2,SPRING20,79.26
550,33,2024-09-16,West,Electronics,126.41,2,,252.82
551,250,2024-07-11,North,Electronics,58.98,1,,58.98
552,46,2024-10-21,West,Home,108.99,3,WELCOME10,326.96999999999997
553,58,2024-05-02,South,Books,64.24,4,WELCOME10,256.96
554,154,2024-03-08,North,Clothing,113.35,4,,453.4
555,289,2024-06-07,East,Clothing,62.74,2,SPRING20,125.48
556,34,2024-10-04,West,Home,51.32,3,,153.96
557,135,2024-01-27,East,Clothing,36.91,3,,110.72999999999999
558,194,2024-12-17,East,Clothing,12.27,2,,24.54
559,32,2024-01-11,West,Books,257.0,3,,771.0
560,252,2024-11-21,East,Electronics,24.77,4,,99.08
561,142,2024-02-06,West,Electronics,30.0,2,,60.0
562,128,2024-05-17,West,Books,762.13,3,,2286.39
563,144,2024-08-26,North,Clothing,94.1,3,,282.29999999999995
564,286,2024-08-19,South,Clothing,175.66,1,WELCOME10,175.66
565,67,2024-02-25,North,Clothing,14.28,2,,28.56
566,240,2024-04-19,South,Electronics,6.47,1,,6.47
567,62,2024-03-10,South,Electronics,29.18,3,,87.53999999999999
568,212,2024-09-23,West,Clothing,125.51,4,SPRING20,502.04
569,97,2024-09-01,East,Books,31.65,1,,31.65
570,59,2024-09-16,South,Electronics,63.5,1,SPRING20,63.5
571,233,2024-02-09,North,Books,196.36,1,,196.36
572,287,2024-02-07,North,Home,122.25,1,WELCOME10,122.25
573,186,2024-05-24,East,Books,183.53,4,WELCOME10,734.12
574,97,2024-10-08,East,Home,19.99,2,WELCOME10,39.98
575,298,2024-08-23,West,Books,80.05,2,WELCOME10,160.1
576,277,2024-10-29,North,Home,37.88,3,,113.64000000000001
577,41,2024-05-08,North,Electronics,36.25,3,SPRING20,108.75
578,111,2024-02-25,West,Clothing,5.09,4,,20.36
579,133,2024-11-07,South,Home,10.49,3,,31.47
580,266,2024-06-29,West,Books,41.88,2,SPRING20,83.76
581,125,2024-07-25,West,Clothing,103.2,2,,206.4
582,219,2024-08-13,East,Electronics,20.58,3,,61.739999999999995
583,75,2024-08-26,South,Electronics,179.84,4,,719.36
584,150,2024-11-05,West,Electronics,157.45,2,WELCOME10,314.9
585,247,2024-09-09,East,Home,60.55,4,WELCOME10,242.2
586,167,2024-01-01,North,Books,133.21,1,,133.21
587,294,2024-05-22,North,Books,42.71,1,WELCOME10,42.71
588,44,2024-09-11,West,Home,99.9,2,,199.8
589,104,2024-11-12,West,Clothing,205.12,2,,410.24
590,34,2024-11-18,West,Books,26.04,3,WELCOME10,78.12
591,96,2024-04-09,West,Books,34.18,4,,136.72
592,200,2024-12-17,South,Books,65.5,4,WELCOME10,262.0
593,70,2024-10-22,South,Electronics,122.76,2,,245.52
594,199,2024-03-12,North,Home,38.32,2,,76.64
595,24,2024-09-20,North,Clothing,29.12,2,,58.24
596,215,2024-05-24,East,Books,54.29,3,,162.87
597,107,2024-07-08,North,Clothing,406.84,3,,1220.52
598,40,2024-03-10,East,Electronics,73.81,3,SPRING20,221.43
599,32,2024-06-27,South,Clothing,77.39,2,,154.78
600,294,2024-02-28,West,Electronics,48.34,3,WELCOME10,145.02
601,39,2024-04-25,North,Clothing,32.82,1,,32.82
602,185,2024-12-26,North,Books,19.68,2,WELCOME10,39.36
603,67,2024-03-18,South,Electronics,50.64,1,SPRING20,50.64
604,267,2024-08-17,West,Home,20.54,2,,41.08
605,17,2024-01-12,West,Home,173.68,2,,347.36
606,287,2024-03-20,West,Home,241.98,3,,725.9399999999999
607,188,2024-08-11,East,Books,42.83,4,,171.32
608,54,2024-04-20,North,Clothing,20.06,2,WELCOME10,40.12
609,122,2024-09-19,West,Books,69.25,2,SPRING20,138.5
610,241,2024-04-16,South,Clothing,112.9,2,SPRING20,225.8
611,244,2024-07-16,East,Home,31.45,3,,94.35
612,175,2024-09-07,West,Books,74.58,3,WELCOME10,223.74
613,156,2024-08-01,West,Electronics,7.13,1,,7.13
614,162,2024-12-29,North,Books,41.21,4,,164.84
615,69,2024-06-21,East,Home,54.69,2,,109.38
616,40,2024-07-17,East,Clothing,80.05,1,SPRING20,80.05
617,34,2024-11-24,West,Books,9.68,3,,29.04
618,271,2024-12-04,South,Clothing,33.84,1,WELCOME10,33.84
619,78,2024-09-20,East,Electronics,144.44,3,SPRING20,433.32
620,62,2024-12-04,East,Books,146.62,1,,146.62
621,37,2024-03-14,West,Books,18.9,2,,37.8
622,269,2024-10-29,West,Home,237.26,3,,711.78
623,283,2024-07-31,East,Home,107.54,1,,107.54
624,251,2024-12-19,South,Home,69.96,1,,69.96
625,13,2024-04-29,North,Books,141.33,2,SPRING20,282.66
626,234,2024-03-29,East,Books,8.41,1,,8.41
627,282,2024-07-23,North,Clothing,37.66,2,WELCOME10,75.32
628,230,2024-09-06,East,Books,117.07,4,SPRING20,468.28
629,170,2024-10-28,East,Home,208.66,1,,208.66
630,108,2024-06-13,East,Clothing,63.91,1,SPRING20,63.91
631,56,2024-10-20,West,Electronics,5.55,2,,11.1
632,56,2024-02-13,North,Electronics,107.35,2,,214.7
633,144,2024-07-05,North,Home,210.08,4,,840.32
634,297,2024-04-28,West,Clothing,151.28,1,WELCOME10,151.28
635,71,2024-09-14,East,Electronics,30.78,1,,30.78
636,179,2024-12-05,East,Electronics,5.85,3,,17.549999999999997
637,161,2024-06-06,South,Books,49.32,1,,49.32
638,219,2024-02-18,North,Clothing,95.4,3,WELCOME10,286.20000000000005
639,277,2024-07-02,North,Home,54.9,4,,219.6
640,39,2024-02-15,West,Electronics,149.56,1,SPRING20,149.56
641,209,2024-01-09,South,Electronics,314.32,4,WELCOME10,1257.28
642,90,2024-10-17,South,Clothing,167.1,4,,668.4
643,276,2024-01-30,West,Clothing,36.82,1,,36.82
644,65,2024-09-13,North,Books,62.21,3,,186.63
645,43,2024-07-26,East,Clothing,41.25,3,,123.75
646,98,2024-10-02,East,Home,45.26,2,,90.52
647,2,2024-09-17,West,Clothing,125.06,4,,500.24
648,90,2024-11-23,South,Electronics,68.12,4,,272.48
649,39,2024-10-23,East,Books,35.2,3,,105.60000000000001
650,19,2024-12-11,South,Home,192.63,3,,577.89
651,296,2024-10-15,South,Clothing,46.5,2,,93.0
652,128,2024-03-11,East,Clothing,137.38,4,SPRING20,549.52
653,272,2024-12-18,West,Electronics,74.6,4,,298.4
654,294,2024-09-20,West,Home,437.51,3,SPRING20,1312.53
655,165,2024-09-01,South,Electronics,51.67,4,,206.68
656,128,2024-02-08,East,Books,61.13,1,,61.13
657,239,2024-07-28,South,Electronics,20.37,3,SPRING20,61.11
658,258,2024-06-06,North,Books,64.24,4,,256.96
659,33,2024-08-18,East,Clothing,78.69,1,,78.69
660,159,2024-01-04,West,Home,96.6,4,WELCOME10,386.4
661,8,2024-06-27,South,Clothing,49.21,3,WELCOME10,147.63
662,113,2024-04-01,East,Electronics,31.54,1,WELCOME10,31.54
663,51,2024-06-26,West,Home,16.89,2,,33.78
664,179,2024-12-29,West,Electronics,243.86,3,WELCOME10,731.58
665,161,2024-02-12,South,Home,36.09,1,,36.09
666,198,2024-03-11,South,Home,6.93,3,,20.79
667,2,2024-01-09,East,Clothing,16.34,2,WELCOME10,32.68
668,98,2024-06-08,North,Electronics,17.19,4,,68.76
669,180,2024-01-26,West,Clothing,28.28,2,,56.56
670,31,2024-08-13,West,Home,53.53,3,,160.59
671,83,2024-12-30,West,Home,253.09,2,,506.18
672,178,2024-11-22,South,Home,60.09,1,SPRING20,60.09
673,224,2024-09-18,East,Books,10.9,1,,10.9
674,254,2024-04-26,South,Clothing,26.94,3,,80.82000000000001
675,19,2024-04-11,West,Books,54.19,2,SPRING20,108.38
676,175,2024-04-04,West,Clothing,132.17,2,WELCOME10,264.34
677,173,2024-01-25,East,Home,31.54,1,,31.54
678,220,2024-06-23,South,Home,46.23,1,,46.23
679,138,2024-01-21,South,Home,18.08,2,SPRING20,36.16
680,78,2024-01-23,North,Home,30.24,1,,30.24
681,152,2024-05-08,West,Books,106.75,4,,427.0
682,96,2024-01-23,East,Home,16.22,3,,48.66
683,244,2024-06-04,South,Home,59.17,4,SPRING20,236.68
684,188,2024-08-17,South,Books,156.32,3,,468.96
685,230,2024-10-08,East,Books,115.76,3,,347.28000000000003
686,126,2024-04-22,North,Electronics,142.41,3,,427.23
687,65,2024-03-05,West,Electronics,50.33,3,WELCOME10,150.99
688,130,2024-02-15,South,Clothing,342.33,4,,1369.32
689,85,2024-02-08,North,Clothing,42.89,1,,42.89
690,234,2024-07-04,West,Clothing,164.26,1,,164.26
691,69,2024-02-22,East,Electronics,47.82,3,,143.46
692,55,2024-11-04,South,Home,195.65,2,,391.3
693,26,2024-10-15,South,Home,175.35,1,,175.35
694,251,2024-07-26,North,Electronics,29.86,2,WELCOME10,59.72
695,57,2024-06-10,East,Electronics,130.06,1,,130.06
696,93,2024-02-23,West,Clothing,304.79,4,,1219.16
697,265,2024-05-20,North,Home,180.38,3,WELCOME10,541.14
698,175,2024-12-02,West,Home,33.95,4,,135.8
699,12,2024-04-28,West,Books,152.29,4,,609.16
700,137,2024-04-06,South,Books,31.76,3,,95.28
701,152,2024-02-03,West,Electronics,58.02,2,,116.04
702,218,2024-11-03,East,Home,10.94,2,,21.88
703,211,2024-07-02,South,Home,16.26,4,,65.04
704,6,2024-02-24,West,Electronics,158.95,3,,476.84999999999997
705,171,2024-04-15,North,Home,112.67,3,,338.01
706,22,2024-09-25,South,Home,49.32,3,WELCOME10,147.96
707,118,2024-12-07,East,Books,140.57,2,WELCOME10,281.14
708,74,2024-09-23,East,Home,52.34,2,,104.68
709,147,2024-03-22,West,Home,63.22,1,,63.22
710,152,2024-03-19,North,Electronics,7.39,3,,22.169999999999998
711,46,2024-09-11,East,Books,111.93,1,,111.93
712,53,2024-12-06,East,Books,132.1,4,,528.4
713,183,2024-01-30,South,Home,145.3,1,,145.3
714,169,2024-09-25,East,Home,28.94,4,,115.76
715,242,2024-03-04,South,Home,176.79,4,WELCOME10,707.16
716,279,2024-05-15,South,Electronics,59.68,4,,238.72
717,3,2024-03-11,South,Books,93.66,2,,187.32
718,215,2024-12-04,West,Books,109.22,3,,327.65999999999997
719,258,2024-11-15,East,Electronics,19.27,4,SPRING20,77.08
720,73,2024-03-05,West,Clothing,6.8,2,,13.6
721,216,2024-08-22,East,Books,87.61,3,WELCOME10,262.83
722,78,2024-11-21,South,Home,28.08,3,WELCOME10,84.24
723,49,2024-04-26,East,Electronics,101.23,1,,101.23
724,257,2024-12-10,South,Books,206.38,4,,825.52
725,43,2024-09-27,South,Clothing,126.31,1,WELCOME10,126.31
726,296,2024-07-06,North,Books,45.62,4,,182.48
727,4,2024-12-24,North,Clothing,25.97,1,,25.97
728,54,2024-08-22,West,Books,57.63,2,,115.26
729,188,2024-02-03,North,Clothing,23.16,2,,46.32
730,92,2024-10-07,West,Electronics,6.42,4,SPRING20,25.68
731,262,2024-01-04,South,Electronics,30.34,2,,60.68
732,27,2024-10-24,North,Home,350.34,1,,350.34
733,32,2024-12-25,West,Books,25.14,2,,50.28
734,12,2024-06-30,South,Home,130.03,4,,520.12
735,183,2024-12-24,South,Home,187.25,4,,749.0
736,130,2024-12-27,North,Home,15.26,3,,45.78
737,14,2024-04-06,South,Books,62.76,4,,251.04
738,60,2024-12-13,East,Clothing,35.96,3,SPRING20,107.88
739,210,2024-12-13,East,Books,10.06,4,WELCOME10,40.24
740,137,2024-03-23,East,Electronics,94.3,3,WELCOME10,282.9
741,39,2024-04-28,East,Electronics,148.2,2,SPRING20,296.4
742,6,2024-06-13,North,Home,83.79,2,,167.58
743,85,2024-12-30,West,Clothing,9.3,2,WELCOME10,18.6
744,188,2024-09-19,South,Home,7.61,3,,22.830000000000002
745,32,2024-04-25,West,Home,42.74,2,,85.48
746,8,2024-06-15,North,Clothing,27.86,3,WELCOME10,83.58
747,236,2024-08-28,South,Books,71.29,3,,213.87
748,161,2024-08-14,East,Electronics,138.76,3,WELCOME10,416.28
749,38,2024-06-08,North,Books,38.12,3,,114.35999999999999
750,176,2024-03-03,East,Clothing,49.24,3,,147.72
751,272,2024-10-30,South,Home,53.36,1,,53.36
752,53,2024-02-04,East,Electronics,35.16,3,WELCOME10,105.47999999999999
753,198,2024-11-23,North,Clothing,22.57,2,WELCOME10,45.14
754,29,2024-02-12,South,Clothing,74.8,2,,149.6
755,276,2024-03-31,East,Home,243.12,1,,243.12
756,274,2024-06-27,East,Home,9.45,3,,28.349999999999998
757,262,2024-10-05,West,Home,6.07,1,,6.07
758,238,2024-01-03,East,Home,111.16,2,,222.32
759,208,2024-12-27,North,Books,32.12,4,WELCOME10,128.48
760,255,2024-05-08,South,Electronics,44.23,3,,132.69
761,146,2024-04-02,South,Electronics,205.75,1,,205.75
762,210,2024-12-25,West,Electronics,58.8,1,,58.8
763,8,2024-09-18,North,Home,45.17,3,WELCOME10,135.51
764,18,2024-07-19,East,Books,44.95,1,SPRING20,44.95
765,243,2024-01-10,North,Books,19.53,1,SPRING20,19.53
766,87,2024-12-16,South,Electronics,44.55,4,,178.2
767,8,2024-12-19,West,Books,14.94,1,,14.94
768,286,2024-01-12,North,Home,61.67,4,WELCOME10,246.68
769,184,2024-04-08,North,Home,67.03,1,SPRING20,67.03
770,285,2024-10-23,North,Electronics,67.27,1,WELCOME10,67.27
771,44,2024-11-28,North,Home,153.6,4,,614.4
772,56,2024-03-28,West,Books,82.6,3,,247.79999999999998
773,233,2024-07-08,North,Home,165.53,4,WELCOME10,662.12
774,262,2024-12-26,South,Home,20.07,1,,20.07
775,192,2024-05-10,West,Books,35.87,4,,143.48
776,181,2024-12-04,West,Clothing,22.8,1,,22.8
777,106,2024-08-09,North,Books,72.79,3,WELCOME10,218.37
778,227,2024-08-21,East,Books,152.33,3,WELCOME10,456.99
779,166,2024-08-14,West,Electronics,15.78,2,SPRING20,31.56
780,261,2024-10-30,North,Home,89.4,2,,178.8
781,140,2024-01-30,West,Clothing,76.7,4,,306.8
782,30,2024-05-02,West,Electronics,413.19,3,,1239.57
783,179,2024-12-17,West,Electronics,5.08,1,WELCOME10,5.08
784,233,2024-03-21,North,Electronics,197.28,3,WELCOME10,591.84
785,180,2024-05-07,South,Home,50.88,1,,50.88
786,171,2024-05-09,North,Home,282.29,2,SPRING20,564.58
787,126,2024-11-27,West,Books,28.0,3,WELCOME10,84.0
788,90,2024-01-02,South,Home,653.05,1,,653.05
789,44,2024-06-29,West,Books,17.79,1,,17.79
790,255,2024-04-23,West,Books,133.81,4,,535.24
791,105,2024-11-16,West,Clothing,17.84,3,,53.519999999999996
792,96,2024-07-22,East,Books,140.9,2,WELCOME10,281.8
793,285,2024-07-25,South,Home,55.91,1,,55.91
794,65,2024-12-29,South,Clothing,161.61,4,,646.44
795,115,2024-07-09,North,Books,90.76,4,,363.04
796,215,2024-03-17,North,Books,58.43,3,WELCOME10,175.29
797,255,2024-02-18,West,Electronics,94.6,1,,94.6
798,128,2024-02-06,North,Home,18.53,1,WELCOME10,18.53
799,11,2024-02-19,West,Home,120.06,3,,360.18
800,32,2024-09-27,North,Home,10.32,3,,30.96
801,10,2024-03-14,East,Electronics,19.86,4,WELCOME10,79.44
802,104,2024-03-12,North,Home,134.96,3,,404.88
803,135,2024-10-07,North,Clothing,15.92,3,,47.76
804,159,2024-03-21,West,Electronics,83.36,1,,83.36
805,147,2024-06-29,East,Home,139.43,3,,418.29
806,141,2024-11-20,South,Books,377.76,4,,1511.04
807,75,2024-04-02,West,Home,37.72,1,,37.72
808,214,2024-04-12,East,Clothing,61.0,1,,61.0
809,54,2024-09-20,North,Books,64.69,2,,129.38
810,171,2024-07-07,West,Clothing,74.88,4,,299.52
811,135,2024-01-10,West,Home,21.47,3,WELCOME10,64.41
812,165,2024-06-11,South,Home,151.11,3,,453.33000000000004
813,188,2024-11-15,North,Books,198.1,2,,396.2
814,265,2024-11-18,West,Books,36.7,3,SPRING20,110.10000000000001
815,19,2024-09-10,West,Home,53.08,2,,106.16
816,107,2024-03-09,South,Books,20.02,2,SPRING20,40.04
817,22,2024-05-01,West,Clothing,56.94,1,,56.94
818,68,2024-05-21,West,Home,107.89,1,,107.89
819,15,2024-04-09,East,Books,9.41,1,,9.41
820,21,2024-05-08,East,Home,74.07,2,,148.14
821,266,2024-02-04,West,Clothing,8.04,1,,8.04
822,43,2024-07-17,East,Home,34.78,2,SPRING20,69.56
823,277,2024-01-17,South,Books,6.8,2,,13.6
824,78,2024-06-14,West,Electronics,25.39,4,,101.56
825,43,2024-09-30,East,Electronics,148.15,4,WELCOME10,592.6
826,292,2024-06-15,North,Electronics,130.05,3,,390.15000000000003
827,157,2024-05-07,North,Electronics,29.38,2,,58.76
828,235,2024-03-23,East,Electronics,38.3,4,,153.2
829,86,2024-01-15,North,Home,86.71,3,,260.13
830,35,2024-06-14,West,Clothing,82.79,3,,248.37
831,235,2024-09-08,East,Home,20.97,3,WELCOME10,62.91
832,221,2024-08-21,West,Books,9.06,3,,27.18
833,211,2024-06-10,North,Books,49.61,1,WELCOME10,49.61
834,287,2024-06-26,South,Electronics,43.69,4,,174.76
835,65,2024-07-24,South,Books,27.01,3,,81.03
836,206,2024-04-09,North,Books,111.64,1,WELCOME10,111.64
837,275,2024-06-08,South,Clothing,151.43,4,WELCOME10,605.72
838,167,2024-07-05,East,Clothing,69.61,4,,278.44
839,245,2024-05-04,West,Books,13.27,2,WELCOME10,26.54
840,181,2024-07-20,North,Clothing,8.02,3,,24.06
841,212,2024-11-28,East,Home,8.9,3,WELCOME10,26.700000000000003
842,26,2024-10-11,North,Books,17.19,1,,17.19
843,233,2024-11-05,East,Books,41.19,2,WELCOME10,82.38
844,70,2024-07-05,West,Home,115.52,1,,115.52
845,32,2024-08-10,South,Home,49.59,1,SPRING20,49.59
846,60,2024-09-26,East,Home,216.89,2,,433.78
847,30,2024-02-08,West,Home,57.67,2,WELCOME10,115.34
848,124,2024-04-01,East,Home,59.71,2,WELCOME10,119.42
849,33,2024-03-28,West,Electronics,99.48,4,WELCOME10,397.92
850,250,2024-05-03,North,Clothing,82.2,2,SPRING20,164.4
851,201,2024-02-29,East,Home,95.29,1,,95.29
852,69,2024-06-23,East,Home,67.95,3,,203.85000000000002
853,39,2024-11-14,East,Clothing,147.63,4,,590.52
854,98,2024-10-22,North,Clothing,9.61,4,,38.44
855,266,2024-11-23,South,Electronics,379.5,2,,759.0
856,277,2024-01-26,West,Books,92.2,4,,368.8
857,244,2024-10-15,West,Electronics,42.98,1,,42.98
858,157,2024-06-07,East,Books,23.91,4,,95.64
859,174,2024-04-26,East,Home,162.68,4,,650.72
860,93,2024-12-13,South,Electronics,104.97,4,WELCOME10,419.88
861,5,2024-06-18,West,Electronics,114.72,4,,458.88
862,208,2024-07-04,South,Electronics,93.0,2,,186.0
863,32,2024-04-26,South,Books,84.71,1,SPRING20,84.71
864,229,2024-06-22,South,Electronics,74.71,3,,224.13
865,77,2024-08-29,North,Books,136.15,2,,272.3
866,251,2024-12-07,North,Home,26.46,2,,52.92
867,295,2024-10-08,West,Home,343.54,3,,1030.6200000000001
868,84,2024-03-14,West,Electronics,11.79,4,WELCOME10,47.16
869,209,2024-07-21,South,Home,111.85,4,,447.4
870,75,2024-05-14,West,Clothing,23.29,4,WELCOME10,93.16
871,71,2024-09-15,North,Electronics,106.22,2,,212.44
872,229,2024-01-31,West,Electronics,59.42,2,,118.84
873,186,2024-03-18,North,Clothing,14.33,4,,57.32
874,287,2024-07-25,West,Home,7.38,2,,14.76
875,100,2024-12-13,North,Electronics,54.68,3,WELCOME10,164.04
876,295,2024-12-18,South,Home,5.73,2,,11.46
877,42,2024-10-25,North,Home,72.74,2,SPRING20,145.48
878,177,2024-10-01,West,Clothing,76.94,3,,230.82
879,171,2024-07-30,West,Clothing,13.1,3,,39.3
880,243,2024-08-04,East,Clothing,128.66,3,,385.98
881,151,2024-06-19,South,Clothing,172.45,4,,689.8
882,65,2024-01-25,North,Home,133.69,3,,401.07
883,190,2024-08-30,South,Home,53.68,2,,107.36
884,189,2024-05-30,East,Clothing,87.76,3,,263.28000000000003
885,97,2024-06-05,West,Electronics,44.54,4,,178.16
886,156,2024-02-23,North,Home,216.4,4,WELCOME10,865.6
887,257,2024-06-07,East,Clothing,29.34,4,WELCOME10,117.36
888,155,2024-04-13,West,Electronics,30.04,3,WELCOME10,90.12
889,277,2024-04-22,South,Books,8.9,2,,17.8
890,251,2024-08-26,South,Books,46.9,4,WELCOME10,187.6
891,27,2024-01-22,East,Home,158.38,1,,158.38
892,275,2024-06-04,West,Books,29.11,3,SPRING20,87.33
893,254,2024-05-13,South,Books,31.77,4,,127.08
894,231,2024-07-19,North,Home,20.45,4,,81.8
895,118,2024-03-23,North,Home,68.8,4,SPRING20,275.2
896,63,2024-08-26,North,Clothing,32.61,4,,130.44
897,167,2024-02-18,North,Clothing,34.23,2,,68.46
898,152,2024-08-24,East,Books,77.82,2,,155.64
899,69,2024-09-09,North,Books,8.47,3,WELCOME10,25.410000000000004
900,198,2024-12-16,East,Electronics,12.42,4,,49.68
901,190,2024-01-25,South,Electronics,217.86,4,,871.44
902,276,2024-04-16,South,Home,61.31,3,,183.93
903,248,2024-06-17,East,Clothing,234.54,3,WELCOME10,703.62
904,165,2024-08-23,South,Clothing,13.64,3,WELCOME10,40.92
905,274,2024-06-17,West,Clothing,10.34,4,,41.36
906,150,2024-06-24,East,Electronics,10.2,4,,40.8
907,206,2024-07-31,West,Electronics,16.78,3,WELCOME10,50.34
908,244,2024-12-11,West,Home,12.14,4,,48.56
909,155,2024-09-18,East,Home,78.53,1,WELCOME10,78.53
910,242,2024-08-28,North,Electronics,262.57,2,,525.14
911,9,2024-01-24,East,Clothing,204.79,3,,614.37
912,69,2024-07-15,North,Home,32.21,1,,32.21
913,83,2024-05-28,North,Clothing,233.18,2,WELCOME10,466.36
914,214,2024-05-21,North,Books,87.7,4,,350.8
915,222,2024-01-30,East,Clothing,26.64,2,,53.28
916,203,2024-06-05,East,Home,67.24,1,,67.24
917,90,2024-08-30,West,Home,43.43,2,,86.86
918,280,2024-07-01,West,Electronics,143.45,2,SPRING20,286.9
919,270,2024-07-10,East,Home,92.38,4,,369.52
920,217,2024-08-19,West,Clothing,116.35,2,,232.7
921,25,2024-03-01,North,Electronics,11.98,2,,23.96
922,250,2024-07-16,South,Home,56.94,1,,56.94
923,220,2024-07-30,East,Books,9.86,1,WELCOME10,9.86
924,122,2024-12-01,West,Clothing,26.47,4,,105.88
925,142,2024-04-10,North,Clothing,86.99,3,,260.96999999999997
926,7,2024-02-22,West,Books,30.09,4,WELCOME10,120.36
927,3,2024-04-02,West,Clothing,17.88,2,,35.76
928,235,2024-12-14,West,Electronics,81.81,4,,327.24
929,157,2024-04-06,South,Home,13.22,3,,39.660000000000004
930,36,2024-04-16,South,Electronics,77.4,1,,77.4
931,206,2024-08-17,East,Clothing,27.0,2,,54.0
932,175,2024-02-27,East,Electronics,19.49,4,WELCOME10,77.96
933,79,2024-02-09,West,Clothing,155.43,2,,310.86
934,106,2024-12-12,South,Clothing,12.39,4,,49.56
935,220,2024-03-19,West,Home,195.68,1,,195.68
936,149,2024-03-02,West,Electronics,96.37,3,WELCOME10,289.11
937,152,2024-04-16,North,Clothing,54.92,1,,54.92
938,200,2024-08-26,South,Home,177.4,2,,354.8
939,263,2024-11-09,West,Clothing,86.74,1,,86.74
940,278,2024-05-13,South,Clothing,100.12,4,,400.48
941,51,2024-07-23,South,Home,34.38,3,,103.14000000000001
942,91,2024-06-02,West,Books,19.14,4,,76.56
943,10,2024-09-12,North,Clothing,13.9,3,,41.7
944,106,2024-05-02,South,Home,190.68,1,,190.68
945,86,2024-04-03,North,Clothing,98.98,2,,197.96
946,34,2024-10-20,East,Electronics,42.67,1,,42.67
947,122,2024-05-23,West,Books,125.58,3,SPRING20,376.74
948,34,2024-12-14,North,Home,124.5,3,,373.5
949,127,2024-02-11,East,Home,46.52,4,WELCOME10,186.08
950,8,2024-11-15,East,Electronics,337.68,1,,337.68
951,28,2024-09-20,South,Electronics,168.39,3,WELCOME10,505.16999999999996
952,297,2024-05-10,West,Electronics,69.48,3,,208.44
953,46,2024-06-23,West,Books,30.95,3,,92.85
954,138,2024-03-16,West,Books,19.98,3,,59.94
955,240,2024-06-29,East,Home,20.35,1,,20.35
956,47,2024-03-07,East,Books,88.48,1,,88.48
957,122,2024-08-28,South,Electronics,170.99,1,WELCOME10,170.99
958,59,2024-06-14,South,Electronics,15.27,4,,61.08
959,22,2024-01-26,East,Home,7.7,4,WELCOME10,30.8
960,257,2024-12-06,East,Home,93.59,1,WELCOME10,93.59
961,148,2024-07-11,East,Home,166.09,2,,332.18
962,148,2024-05-08,South,Books,237.87,2,,475.74
963,28,2024-02-22,South,Clothing,54.26,4,,217.04
964,98,2024-12-03,South,Home,16.73,1,,16.73
965,233,2024-02-24,South,Home,289.22,3,,867.6600000000001
966,239,2024-05-07,West,Clothing,199.25,2,,398.5
967,235,2024-06-12,North,Books,72.25,2,,144.5
968,240,2024-11-30,East,Books,30.51,4,,122.04
969,196,2024-11-12,East,Electronics,30.49,1,SPRING20,30.49
970,292,2024-06-27,West,Electronics,13.38,4,WELCOME10,53.52
971,96,2024-04-10,South,Clothing,18.53,4,SPRING20,74.12
972,30,2024-04-16,East,Home,14.53,4,,58.12
973,279,2024-08-18,West,Clothing,104.8,4,,419.2
974,248,2024-05-31,South,Electronics,103.33,3,,309.99
975,267,2024-07-12,North,Clothing,139.6,4,,558.4
976,299,2024-09-13,West,Electronics,16.46,4,,65.84
977,73,2024-10-15,South,Clothing,39.88,3,,119.64000000000001
978,32,2024-04-14,South,Clothing,70.63,3,,211.89
979,83,2024-12-12,West,Electronics,192.16,3,,576.48
980,136,2024-11-27,South,Home,53.71,2,SPRING20,107.42
981,216,2024-12-23,North,Home,134.98,4,,539.92
982,137,2024-04-24,North,Clothing,9.53,3,SPRING20,28.589999999999996
983,24,2024-01-26,South,Clothing,210.96,1,SPRING20,210.96
984,291,2024-07-02,West,Clothing,135.94,3,WELCOME10,407.82
985,252,2024-03-10,North,Clothing,51.37,1,,51.37
986,132,2024-01-06,East,Clothing,76.79,1,SPRING20,76.79
987,16,2024-09-27,West,Electronics,33.37,4,SPRING20,133.48
988,281,2024-08-03,West,Clothing,16.48,4,,65.92
989,63,2024-01-03,East,Books,6.14,1,WELCOME10,6.14
990,107,2024-04-01,West,Home,116.94,2,SPRING20,233.88
991,122,2024-03-05,North,Home,57.98,3,,173.94
992,27,2024-09-05,North,Books,66.63,4,,266.52
993,99,2024-08-14,North,Home,66.69,1,SPRING20,66.69
994,238,2024-03-28,South,Books,110.19,1,,110.19
995,48,2024-01-25,South,Clothing,62.63,1,,62.63
996,164,2024-04-25,North,Clothing,7.64,1,,7.64
997,145,2024-09-27,South,Books,50.88,4,,203.52
998,216,2024-11-29,East,Home,31.22,3,SPRING20,93.66
999,240,2024-08-28,North,Electronics,287.13,4,,1148.52
1000,186,2024-10-15,East,Home,42.42,4,,169.68
